theta_deg,volume_m3,pressure_pa,temperature_k,mass_kg,mdot_intake_kg_s,mdot_exhaust_kg_s,intake_lift_frac,exhaust_lift_frac,dm_fuel_main_mg_per_deg,dq_comb_j_per_deg,dq_wall_j_per_deg,torque_indicated_nm_per_cyl
-360.000,0.000,236003.348,300.000,0.000,-0.000,-0.013,0.109,0.044,0.000,0.000,-0.001,-0.194
-359.000,0.000,232964.553,298.910,0.000,0.010,-0.011,0.118,0.039,0.000,0.000,-0.001,1.092
-358.000,0.000,231716.922,298.494,0.000,0.012,-0.010,0.127,0.034,0.000,0.000,-0.001,2.361
-357.000,0.000,231138.520,298.338,0.000,0.014,-0.008,0.136,0.029,0.000,0.000,-0.001,3.627
-356.000,0.000,230883.810,298.311,0.000,0.015,-0.007,0.145,0.024,0.000,0.000,-0.001,4.891
-355.000,0.000,230719.467,298.324,0.000,0.017,-0.006,0.155,0.020,0.000,0.000,-0.001,6.152
-354.000,0.000,230581.277,298.351,0.000,0.018,-0.005,0.165,0.017,0.000,0.000,-0.001,7.409
-353.000,0.000,230465.069,298.391,0.000,0.019,-0.004,0.175,0.013,0.000,0.000,-0.001,8.661
-352.000,0.000,230345.992,298.433,0.000,0.021,-0.003,0.186,0.010,0.000,0.000,-0.001,9.908
-351.000,0.000,230170.355,298.457,0.000,0.022,-0.002,0.196,0.008,0.000,0.000,-0.001,11.146
-350.000,0.000,229980.418,298.479,0.000,0.024,-0.002,0.207,0.006,0.000,0.000,-0.001,12.375
-349.000,0.000,229798.355,298.507,0.000,0.025,-0.001,0.218,0.003,0.000,0.000,-0.001,13.596
-348.000,0.000,229584.256,298.525,0.000,0.027,-0.001,0.230,0.002,0.000,0.000,-0.001,14.806
-347.000,0.000,229337.527,298.534,0.000,0.029,-0.000,0.241,0.001,0.000,0.000,-0.001,16.005
-346.000,0.000,229093.894,298.546,0.000,0.031,-0.000,0.253,0.001,0.000,0.000,-0.001,17.192
-345.000,0.000,228861.827,298.564,0.000,0.033,-0.000,0.265,0.000,0.000,0.000,-0.001,18.370
-344.000,0.000,228617.882,298.578,0.000,0.035,-0.000,0.277,0.000,0.000,0.000,-0.001,19.534
-343.000,0.000,228378.655,298.596,0.000,0.037,-0.000,0.289,0.000,0.000,0.000,-0.001,20.687
-342.000,0.000,228155.396,298.620,0.000,0.039,-0.000,0.301,0.000,0.000,0.000,-0.001,21.828
-341.000,0.000,227957.624,298.653,0.000,0.041,-0.000,0.314,0.000,0.000,0.000,-0.001,22.958
-340.000,0.000,227791.344,298.696,0.000,0.043,-0.000,0.327,0.000,0.000,0.000,-0.001,24.079
-339.000,0.000,227648.828,298.748,0.000,0.045,-0.000,0.340,0.000,0.000,0.000,-0.001,25.188
-338.000,0.000,227526.113,298.804,0.000,0.047,-0.000,0.353,0.000,0.000,0.000,-0.001,26.285
-337.000,0.000,227428.028,298.867,0.000,0.049,-0.000,0.366,0.000,0.000,0.000,-0.001,27.370
-336.000,0.000,227350.916,298.934,0.000,0.051,-0.000,0.379,0.000,0.000,0.000,-0.001,28.444
-335.000,0.000,227289.751,299.005,0.000,0.053,-0.000,0.392,0.000,0.000,0.000,-0.001,29.504
-334.000,0.000,227243.512,299.077,0.000,0.055,-0.000,0.406,0.000,0.000,0.000,-0.001,30.551
-333.000,0.000,227214.745,299.152,0.000,0.057,-0.000,0.419,0.000,0.000,0.000,-0.001,31.585
-332.000,0.000,227199.230,299.228,0.000,0.059,-0.000,0.433,0.000,0.000,0.000,-0.001,32.605
-331.000,0.000,227194.306,299.304,0.000,0.061,-0.000,0.446,0.000,0.000,0.000,-0.001,33.609
-330.000,0.000,227200.985,299.381,0.000,0.063,-0.000,0.460,0.000,0.000,0.000,-0.001,34.599
-329.000,0.000,227218.739,299.458,0.000,0.065,-0.000,0.474,0.000,0.000,0.000,-0.001,35.573
-328.000,0.000,227245.097,299.534,0.000,0.067,-0.000,0.488,0.000,0.000,0.000,-0.001,36.531
-327.000,0.000,227278.820,299.609,0.000,0.068,-0.000,0.502,0.000,0.000,0.000,-0.001,37.472
-326.000,0.000,227319.853,299.683,0.000,0.070,-0.000,0.516,0.000,0.000,0.000,-0.001,38.396
-325.000,0.000,227367.288,299.755,0.000,0.072,-0.000,0.529,0.000,0.000,0.000,-0.001,39.302
-324.000,0.000,227420.378,299.827,0.000,0.073,-0.000,0.543,0.000,0.000,0.000,-0.001,40.190
-323.000,0.000,227478.440,299.897,0.000,0.075,-0.000,0.557,0.000,0.000,0.000,-0.001,41.060
-322.000,0.000,227540.924,299.965,0.000,0.077,-0.000,0.571,0.000,0.000,0.000,-0.001,41.911
-321.000,0.000,227607.737,300.032,0.000,0.078,-0.000,0.585,0.000,0.000,0.000,-0.001,42.742
-320.000,0.000,227678.671,300.097,0.000,0.080,-0.000,0.598,0.000,0.000,0.000,-0.001,43.554
-319.000,0.000,227752.068,300.160,0.000,0.081,-0.000,0.612,0.000,0.000,0.000,-0.002,44.345
-318.000,0.000,227828.038,300.222,0.000,0.083,-0.000,0.626,0.000,0.000,0.000,-0.002,45.116
-317.000,0.000,227907.101,300.282,0.000,0.084,-0.000,0.639,0.000,0.000,0.000,-0.002,45.866
-316.000,0.000,227988.818,300.340,0.000,0.085,-0.000,0.653,0.000,0.000,0.000,-0.002,46.594
-315.000,0.000,228070.928,300.397,0.000,0.087,-0.000,0.666,0.000,0.000,0.000,-0.002,47.301
-314.000,0.000,228154.818,300.451,0.000,0.088,-0.000,0.680,0.000,0.000,0.000,-0.002,47.986
-313.000,0.000,228241.174,300.505,0.000,0.089,-0.000,0.693,0.000,0.000,0.000,-0.002,48.649
-312.000,0.000,228328.171,300.557,0.000,0.090,-0.000,0.706,0.000,0.000,0.000,-0.002,49.289
-311.000,0.000,228415.249,300.607,0.000,0.092,-0.000,0.719,0.000,0.000,0.000,-0.002,49.906
-310.000,0.000,228503.902,300.656,0.000,0.093,-0.000,0.732,0.000,0.000,0.000,-0.002,50.500
-309.000,0.000,228594.333,300.704,0.000,0.094,-0.000,0.745,0.000,0.000,0.000,-0.002,51.071
-308.000,0.000,228683.518,300.749,0.000,0.095,-0.000,0.757,0.000,0.000,0.000,-0.002,51.619
-307.000,0.000,228772.854,300.794,0.000,0.096,-0.000,0.770,0.000,0.000,0.000,-0.002,52.142
-306.000,0.000,228863.697,300.837,0.000,0.097,-0.000,0.782,0.000,0.000,0.000,-0.002,52.642
-305.000,0.000,228954.645,300.879,0.000,0.098,-0.000,0.794,0.000,0.000,0.000,-0.002,53.118
-304.000,0.000,229043.841,300.920,0.000,0.098,-0.000,0.806,0.000,0.000,0.000,-0.002,53.570
-303.000,0.000,229133.415,300.959,0.000,0.099,-0.000,0.818,0.000,0.000,0.000,-0.002,53.997
-302.000,0.000,229224.372,300.997,0.000,0.100,-0.000,0.829,0.000,0.000,0.000,-0.002,54.400
-301.000,0.000,229313.666,301.034,0.000,0.101,-0.000,0.840,0.000,0.000,0.000,-0.002,54.779
-300.000,0.000,229402.009,301.070,0.000,0.101,-0.000,0.851,0.000,0.000,0.000,-0.002,55.133
-299.000,0.000,229491.145,301.105,0.000,0.102,-0.000,0.863,0.000,0.000,0.000,-0.002,55.463
-298.000,0.000,229580.758,301.140,0.000,0.103,-0.000,0.873,0.000,0.000,0.000,-0.002,55.768
-297.000,0.000,229668.047,301.172,0.000,0.103,-0.000,0.883,0.000,0.000,0.000,-0.002,56.049
-296.000,0.000,229755.014,301.204,0.001,0.104,-0.000,0.894,0.000,0.000,0.000,-0.002,56.305
-295.000,0.000,229843.039,301.236,0.001,0.104,-0.000,0.904,0.000,0.000,0.000,-0.002,56.537
-294.000,0.000,229929.621,301.266,0.001,0.104,-0.000,0.913,0.000,0.000,0.000,-0.002,56.745
-293.000,0.000,230014.200,301.295,0.001,0.105,-0.000,0.923,0.000,0.000,0.000,-0.002,56.928
-292.000,0.000,230098.869,301.324,0.001,0.105,-0.000,0.932,0.000,0.000,0.000,-0.002,57.087
-291.000,0.000,230184.100,301.352,0.001,0.105,-0.000,0.941,0.000,0.000,0.000,-0.002,57.223
-290.000,0.000,230266.985,301.379,0.001,0.106,-0.000,0.949,0.000,0.000,0.000,-0.002,57.334
-289.000,0.000,230348.857,301.405,0.001,0.106,-0.000,0.957,0.000,0.000,0.000,-0.002,57.421
-288.000,0.000,230431.290,301.431,0.001,0.106,-0.000,0.966,0.000,0.000,0.000,-0.002,57.486
-287.000,0.000,230513.074,301.456,0.001,0.106,-0.000,0.973,0.000,0.000,0.000,-0.002,57.527
-286.000,0.000,230592.244,301.480,0.001,0.106,-0.000,0.980,0.000,0.000,0.000,-0.002,57.544
-285.000,0.000,230670.965,301.503,0.001,0.106,-0.000,0.988,0.000,0.000,0.000,-0.002,57.539
-284.000,0.000,230750.345,301.527,0.001,0.106,-0.000,0.995,0.000,0.000,0.000,-0.002,57.512
-283.000,0.000,230826.875,301.549,0.001,0.106,-0.000,1.001,0.000,0.000,0.000,-0.002,57.461
-282.000,0.000,230885.326,301.564,0.001,0.105,-0.000,1.007,0.000,0.000,0.000,-0.002,57.385
-281.000,0.000,230925.594,301.572,0.001,0.105,-0.000,1.013,0.000,0.000,0.000,-0.002,57.282
-280.000,0.000,230957.415,301.577,0.001,0.104,-0.000,1.018,0.000,0.000,0.000,-0.002,57.157
-279.000,0.000,230985.993,301.582,0.001,0.104,-0.000,1.023,0.000,0.000,0.000,-0.002,57.009
-278.000,0.000,231014.176,301.586,0.001,0.104,-0.000,1.028,0.000,0.000,0.000,-0.002,56.842
-277.000,0.000,231043.521,301.590,0.001,0.104,-0.000,1.033,0.000,0.000,0.000,-0.002,56.654
-276.000,0.000,231074.868,301.596,0.001,0.103,-0.000,1.037,0.000,0.000,0.000,-0.002,56.447
-275.000,0.000,231108.659,301.602,0.001,0.103,-0.000,1.040,0.000,0.000,0.000,-0.003,56.222
-274.000,0.000,231145.107,301.610,0.001,0.103,-0.000,1.044,0.000,0.000,0.000,-0.003,55.978
-273.000,0.000,231184.297,301.618,0.001,0.102,-0.000,1.047,0.000,0.000,0.000,-0.003,55.716
-272.000,0.000,231226.240,301.628,0.001,0.102,-0.000,1.049,0.000,0.000,0.000,-0.003,55.437
-271.000,0.000,231270.899,301.638,0.001,0.101,-0.000,1.052,0.000,0.000,0.000,-0.003,55.141
-270.000,0.000,231318.213,301.650,0.001,0.101,-0.000,1.054,0.000,0.000,0.000,-0.003,54.829
-269.000,0.000,231368.102,301.662,0.001,0.100,-0.000,1.056,0.000,0.000,0.000,-0.003,54.500
-268.000,0.000,231420.478,301.676,0.001,0.100,-0.000,1.057,0.000,0.000,0.000,-0.003,54.155
-267.000,0.000,231475.244,301.690,0.001,0.099,-0.000,1.058,0.000,0.000,0.000,-0.003,53.795
-266.000,0.000,231532.299,301.705,0.001,0.098,-0.000,1.059,0.000,0.000,0.000,-0.003,53.420
-265.000,0.000,231591.537,301.721,0.001,0.098,-0.000,1.058,0.000,0.000,0.000,-0.003,53.030
-264.000,0.000,231652.850,301.738,0.001,0.097,-0.000,1.058,0.000,0.000,0.000,-0.003,52.626
-263.000,0.000,231716.130,301.755,0.001,0.096,-0.000,1.058,0.000,0.000,0.000,-0.003,52.208
-262.000,0.000,231781.266,301.773,0.001,0.096,-0.000,1.057,0.000,0.000,0.000,-0.003,51.777
-261.000,0.000,231848.145,301.791,0.001,0.095,-0.000,1.055,0.000,0.000,0.000,-0.003,51.333
-260.000,0.000,231916.655,301.810,0.001,0.094,-0.000,1.054,0.000,0.000,0.000,-0.003,50.877
-259.000,0.000,231986.684,301.830,0.001,0.093,-0.000,1.052,0.000,0.000,0.000,-0.003,50.408
-258.000,0.000,232058.118,301.850,0.001,0.093,-0.000,1.049,0.000,0.000,0.000,-0.003,49.928
-257.000,0.000,232130.844,301.870,0.001,0.092,-0.000,1.047,0.000,0.000,0.000,-0.003,49.436
-256.000,0.000,232204.751,301.891,0.001,0.091,-0.000,1.044,0.000,0.000,0.000,-0.003,48.934
-255.000,0.000,232279.726,301.912,0.001,0.090,-0.000,1.040,0.000,0.000,0.000,-0.003,48.421
-254.000,0.000,232355.659,301.934,0.001,0.089,-0.000,1.036,0.000,0.000,0.000,-0.003,47.898
-253.000,0.000,232432.440,301.956,0.001,0.088,-0.000,1.032,0.000,0.000,0.000,-0.003,47.365
-252.000,0.000,232509.961,301.978,0.001,0.087,-0.000,1.028,0.000,0.000,0.000,-0.003,46.823
-251.000,0.000,232588.114,302.000,0.001,0.086,-0.000,1.023,0.000,0.000,0.000,-0.003,46.273
-250.000,0.000,232666.795,302.022,0.001,0.085,-0.000,1.018,0.000,0.000,0.000,-0.003,45.713
-249.000,0.000,232745.899,302.045,0.001,0.084,-0.000,1.012,0.000,0.000,0.000,-0.003,45.146
-248.000,0.000,232825.325,302.067,0.001,0.083,-0.000,1.007,0.000,0.000,0.000,-0.003,44.571
-247.000,0.000,232904.975,302.090,0.001,0.082,-0.000,1.000,0.000,0.000,0.000,-0.003,43.989
-246.000,0.000,232977.858,302.110,0.001,0.081,-0.000,0.994,0.000,0.000,0.000,-0.003,43.398
-245.000,0.000,233039.149,302.126,0.001,0.079,-0.000,0.987,0.000,0.000,0.000,-0.003,42.799
-244.000,0.000,233093.129,302.139,0.001,0.078,-0.000,0.980,0.000,0.000,0.000,-0.003,42.192
-243.000,0.000,233141.197,302.151,0.001,0.077,-0.000,0.973,0.000,0.000,0.000,-0.003,41.579
-242.000,0.000,233185.818,302.161,0.001,0.076,-0.000,0.965,0.000,0.000,0.000,-0.003,40.959
-241.000,0.000,233228.689,302.171,0.001,0.075,-0.000,0.957,0.000,0.000,0.000,-0.003,40.334
-240.000,0.000,233269.570,302.180,0.001,0.073,-0.000,0.949,0.000,0.000,0.000,-0.003,39.704
-239.000,0.000,233308.547,302.188,0.001,0.072,-0.000,0.940,0.000,0.000,0.000,-0.003,39.070
-238.000,0.000,233346.677,302.196,0.001,0.071,-0.000,0.931,0.000,0.000,0.000,-0.003,38.431
-237.000,0.000,233384.408,302.205,0.001,0.070,-0.000,0.922,0.000,0.000,0.000,-0.003,37.789
-236.000,0.000,233420.855,302.213,0.001,0.069,-0.000,0.913,0.000,0.000,0.000,-0.003,37.143
-235.000,0.000,233456.484,302.220,0.001,0.067,-0.000,0.903,0.000,0.000,0.000,-0.003,36.494
-234.000,0.000,233491.911,302.228,0.001,0.066,-0.000,0.893,0.000,0.000,0.000,-0.003,35.841
-233.000,0.000,233526.859,302.236,0.001,0.065,-0.000,0.883,0.000,0.000,0.000,-0.003,35.187
-232.000,0.000,233560.747,302.244,0.001,0.064,-0.000,0.872,0.000,0.000,0.000,-0.003,34.529
-231.000,0.000,233594.191,302.251,0.001,0.063,-0.000,0.862,0.000,0.000,0.000,-0.003,33.870
-230.000,0.000,233627.566,302.259,0.001,0.061,-0.000,0.851,0.000,0.000,0.000,-0.003,33.208
-229.000,0.000,233660.246,302.266,0.001,0.060,-0.000,0.840,0.000,0.000,0.000,-0.003,32.545
-228.000,0.000,233692.288,302.274,0.001,0.059,-0.000,0.828,0.000,0.000,0.000,-0.003,31.881
-227.000,0.000,233724.180,302.281,0.001,0.058,-0.000,0.817,0.000,0.000,0.000,-0.003,31.215
-226.000,0.000,233755.978,302.289,0.001,0.057,-0.000,0.805,0.000,0.000,0.000,-0.003,30.548
-225.000,0.000,233787.046,302.297,0.001,0.055,-0.000,0.793,0.000,0.000,0.000,-0.003,29.880
-224.000,0.000,233817.792,302.304,0.001,0.054,-0.000,0.781,0.000,0.000,0.000,-0.003,29.212
-223.000,0.000,233848.574,302.312,0.001,0.053,-0.000,0.769,0.000,0.000,0.000,-0.003,28.543
-222.000,0.000,233879.394,302.320,0.001,0.052,-0.000,0.757,0.000,0.000,0.000,-0.004,27.873
-221.000,0.000,233910.290,302.328,0.001,0.050,-0.000,0.745,0.000,0.000,0.000,-0.004,27.204
-220.000,0.000,233941.482,302.336,0.001,0.049,-0.000,0.732,0.000,0.000,0.000,-0.004,26.534
-219.000,0.000,233973.026,302.344,0.001,0.048,-0.000,0.720,0.000,0.000,0.000,-0.004,25.864
-218.000,0.000,234004.160,302.353,0.001,0.047,-0.000,0.707,0.000,0.000,0.000,-0.004,25.195
-217.000,0.000,234034.932,302.361,0.001,0.046,-0.000,0.694,0.000,0.000,0.000,-0.004,24.525
-216.000,0.000,234065.701,302.370,0.001,0.044,-0.000,0.680,0.000,0.000,0.000,-0.004,23.856
-215.000,0.000,234096.542,302.379,0.001,0.043,-0.000,0.667,0.000,0.000,0.000,-0.004,23.187
-214.000,0.000,234127.259,302.387,0.001,0.042,-0.000,0.654,0.000,0.000,0.000,-0.004,22.519
-213.000,0.000,234158.113,302.396,0.001,0.041,-0.000,0.640,0.000,0.000,0.000,-0.004,21.851
-212.000,0.000,234189.314,302.406,0.001,0.040,-0.000,0.627,0.000,0.000,0.000,-0.004,21.184
-211.000,0.000,234220.812,302.415,0.001,0.038,-0.000,0.613,0.000,0.000,0.000,-0.004,20.517
-210.000,0.000,234252.651,302.425,0.001,0.037,-0.000,0.599,0.000,0.000,0.000,-0.004,19.852
-209.000,0.000,234285.009,302.435,0.001,0.036,-0.000,0.585,0.000,0.000,0.000,-0.004,19.187
-208.000,0.000,234317.997,302.446,0.001,0.035,-0.000,0.572,0.000,0.000,0.000,-0.004,18.522
-207.000,0.000,234351.586,302.456,0.001,0.034,-0.000,0.558,0.000,0.000,0.000,-0.004,17.859
-206.000,0.000,234385.890,302.468,0.001,0.032,-0.000,0.544,0.000,0.000,0.000,-0.004,17.197
-205.000,0.000,234421.029,302.479,0.001,0.031,-0.000,0.530,0.000,0.000,0.000,-0.004,16.535
-204.000,0.000,234457.125,302.491,0.001,0.030,-0.000,0.516,0.000,0.000,0.000,-0.004,15.874
-203.000,0.000,234494.288,302.504,0.001,0.029,-0.000,0.502,0.000,0.000,0.000,-0.004,15.214
-202.000,0.000,234532.594,302.517,0.001,0.028,-0.000,0.489,0.000,0.000,0.000,-0.004,14.555
-201.000,0.000,234572.127,302.531,0.001,0.027,-0.000,0.475,0.000,0.000,0.000,-0.004,13.897
-200.000,0.000,234613.049,302.545,0.001,0.025,-0.000,0.461,0.000,0.000,0.000,-0.004,13.240
-199.000,0.000,234655.449,302.560,0.001,0.024,-0.000,0.447,0.000,0.000,0.000,-0.004,12.583
-198.000,0.000,234699.381,302.576,0.001,0.023,-0.000,0.434,0.000,0.000,0.000,-0.004,11.927
-197.000,0.000,234744.990,302.593,0.001,0.022,-0.000,0.420,0.000,0.000,0.000,-0.004,11.272
-196.000,0.000,234792.532,302.610,0.001,0.021,-0.000,0.406,0.000,0.000,0.000,-0.004,10.618
-195.000,0.000,234842.040,302.628,0.001,0.020,-0.000,0.393,0.000,0.000,0.000,-0.004,9.964
-194.000,0.000,234893.556,302.647,0.001,0.019,-0.000,0.380,0.000,0.000,0.000,-0.004,9.311
-193.000,0.000,234947.415,302.667,0.001,0.018,-0.000,0.366,0.000,0.000,0.000,-0.004,8.658
-192.000,0.000,235003.801,302.688,0.001,0.017,-0.000,0.353,0.000,0.000,0.000,-0.004,8.006
-191.000,0.000,235062.692,302.710,0.001,0.015,-0.000,0.340,0.000,0.000,0.000,-0.004,7.355
-190.000,0.000,235124.164,302.733,0.001,0.014,-0.000,0.327,0.000,0.000,0.000,-0.004,6.703
-189.000,0.000,235188.620,302.758,0.001,0.013,-0.000,0.315,0.000,0.000,0.000,-0.004,6.053
-188.000,0.000,235256.026,302.783,0.001,0.012,-0.000,0.302,0.000,0.000,0.000,-0.004,5.402
-187.000,0.000,235326.294,302.810,0.001,0.011,-0.000,0.289,0.000,0.000,0.000,-0.004,4.751
-186.000,0.000,235399.584,302.838,0.001,0.010,-0.000,0.277,0.000,0.000,0.000,-0.004,4.101
-185.000,0.000,235475.997,302.867,0.001,0.009,-0.000,0.265,0.000,0.000,0.000,-0.004,3.450
-184.000,0.000,235555.219,302.898,0.001,0.008,-0.000,0.253,0.000,0.000,0.000,-0.004,2.800
-183.000,0.000,235636.871,302.929,0.001,0.007,-0.000,0.242,0.000,0.000,0.000,-0.004,2.149
-182.000,0.000,235720.634,302.962,0.001,0.006,-0.000,0.230,0.000,0.000,0.000,-0.004,1.498
-181.000,0.000,235805.449,302.994,0.001,0.005,-0.000,0.219,0.000,0.000,0.000,-0.004,0.846
-180.000,0.000,235889.257,303.027,0.001,0.003,-0.000,0.208,0.000,0.000,0.000,-0.004,0.194
-179.000,0.000,235967.630,303.058,0.001,0.002,-0.000,0.197,0.000,0.000,0.000,-0.004,-0.458
-178.000,0.000,236017.178,303.079,0.001,-0.001,-0.000,0.186,0.000,0.000,0.000,-0.004,-1.111
-177.000,0.000,236051.351,303.094,0.001,-0.002,-0.000,0.176,0.000,0.000,0.000,-0.004,-1.764
-176.000,0.000,236099.424,303.114,0.001,-0.002,-0.000,0.165,0.000,0.000,0.000,-0.004,-2.418
-175.000,0.000,236164.338,303.141,0.001,-0.003,-0.000,0.156,0.000,0.000,0.000,-0.004,-3.073
-174.000,0.000,236247.995,303.174,0.001,-0.003,-0.000,0.146,0.000,0.000,0.000,-0.004,-3.728
-173.000,0.000,236352.290,303.214,0.001,-0.004,-0.000,0.136,0.000,0.000,0.000,-0.004,-4.385
-172.000,0.000,236479.062,303.263,0.001,-0.004,-0.000,0.127,0.000,0.000,0.000,-0.004,-5.043
-171.000,0.000,236629.697,303.321,0.001,-0.004,-0.000,0.119,0.000,0.000,0.000,-0.004,-5.703
-170.000,0.000,236806.067,303.387,0.001,-0.005,-0.000,0.110,0.000,0.000,0.000,-0.004,-6.366
-169.000,0.000,237010.233,303.464,0.001,-0.005,-0.000,0.101,0.000,0.000,0.000,-0.004,-7.030
-168.000,0.000,237243.775,303.552,0.001,-0.005,-0.000,0.094,0.000,0.000,0.000,-0.004,-7.698
-167.000,0.000,237507.991,303.650,0.001,-0.005,-0.000,0.086,0.000,0.000,0.000,-0.004,-8.369
-166.000,0.000,237805.017,303.761,0.001,-0.005,-0.000,0.078,0.000,0.000,0.000,-0.004,-9.043
-165.000,0.000,238137.017,303.884,0.001,-0.005,-0.000,0.071,0.000,0.000,0.000,-0.004,-9.721
-164.000,0.000,238504.806,304.020,0.001,-0.005,-0.000,0.065,0.000,0.000,0.000,-0.004,-10.403
-163.000,0.000,238910.079,304.170,0.001,-0.005,-0.000,0.058,0.000,0.000,0.000,-0.004,-11.091
-162.000,0.000,239355.103,304.333,0.001,-0.004,-0.000,0.052,0.000,0.000,0.000,-0.004,-11.783
-161.000,0.000,239841.588,304.512,0.001,-0.004,-0.000,0.046,0.000,0.000,0.000,-0.004,-12.481
-160.000,0.000,240369.553,304.705,0.001,-0.004,-0.000,0.041,0.000,0.000,0.000,-0.004,-13.185
-159.000,0.000,240941.129,304.914,0.001,-0.004,-0.000,0.036,0.000,0.000,0.000,-0.004,-13.896
-158.000,0.000,241558.583,305.139,0.001,-0.003,-0.000,0.031,0.000,0.000,0.000,-0.004,-14.614
-157.000,0.000,242222.002,305.380,0.001,-0.003,-0.000,0.026,0.000,0.000,0.000,-0.004,-15.339
-156.000,0.000,242932.013,305.637,0.001,-0.003,-0.000,0.022,0.000,0.000,0.000,-0.004,-16.072
-155.000,0.000,243690.725,305.912,0.001,-0.002,-0.000,0.018,0.000,0.000,0.000,-0.004,-16.814
-154.000,0.000,244499.726,306.203,0.001,-0.002,-0.000,0.015,0.000,0.000,0.000,-0.004,-17.565
-153.000,0.000,245357.525,306.511,0.001,-0.002,-0.000,0.012,0.000,0.000,0.000,-0.004,-18.325
-152.000,0.000,246265.383,306.837,0.001,-0.001,-0.000,0.009,0.000,0.000,0.000,-0.004,-19.096
-151.000,0.000,247225.232,307.180,0.001,-0.001,-0.000,0.007,0.000,0.000,0.000,-0.004,-19.876
-150.000,0.000,248236.702,307.540,0.001,-0.001,-0.000,0.005,0.000,0.000,0.000,-0.004,-20.668
-149.000,0.000,249298.163,307.917,0.001,-0.001,-0.000,0.003,0.000,0.000,0.000,-0.004,-21.470
-148.000,0.000,250411.150,308.311,0.001,-0.000,-0.000,0.002,0.000,0.000,0.000,-0.004,-22.285
-147.000,0.000,251577.048,308.722,0.001,-0.000,-0.000,0.001,0.000,0.000,0.000,-0.004,-23.112
-146.000,0.000,252792.741,309.149,0.001,-0.000,-0.000,0.001,0.000,0.000,0.000,-0.004,-23.951
-145.000,0.000,254057.882,309.591,0.001,-0.000,-0.000,0.000,0.000,0.000,0.000,-0.004,-24.802
-144.000,0.000,255373.743,310.050,0.001,-0.000,-0.000,0.000,0.000,0.000,0.000,-0.004,-25.667
-143.000,0.000,256741.296,310.525,0.001,-0.000,-0.000,0.000,0.000,0.000,0.000,-0.004,-26.546
-142.000,0.000,258160.638,311.015,0.001,-0.000,-0.000,0.000,0.000,0.000,0.000,-0.004,-27.438
-141.000,0.000,259633.051,311.522,0.001,-0.000,-0.000,0.000,0.000,0.000,0.000,-0.004,-28.346
-140.000,0.000,261159.909,312.046,0.001,-0.000,-0.000,0.000,0.000,0.000,0.000,-0.004,-29.268
-139.000,0.000,262742.651,312.586,0.001,-0.000,-0.000,0.000,0.000,0.000,0.000,-0.004,-30.206
-138.000,0.000,264382.780,313.143,0.001,-0.000,-0.000,0.000,0.000,0.000,0.000,-0.004,-31.160
-137.000,0.000,266081.866,313.718,0.001,-0.000,-0.000,0.000,0.000,0.000,0.000,-0.004,-32.131
-136.000,0.000,267841.552,314.310,0.001,-0.000,-0.000,0.000,0.000,0.000,0.000,-0.003,-33.118
-135.000,0.000,269663.553,314.920,0.001,-0.000,-0.000,0.000,0.000,0.000,0.000,-0.003,-34.124
-134.000,0.000,271549.662,315.549,0.001,-0.000,-0.000,0.000,0.000,0.000,0.000,-0.003,-35.148
-133.000,0.000,273501.752,316.196,0.001,-0.000,-0.000,0.000,0.000,0.000,0.000,-0.003,-36.191
-132.000,0.000,275521.780,316.861,0.001,-0.000,-0.000,0.000,0.000,0.000,0.000,-0.003,-37.254
-131.000,0.000,277611.792,317.547,0.001,-0.000,-0.000,0.000,0.000,0.000,0.000,-0.003,-38.337
-130.000,0.000,279773.924,318.252,0.001,-0.000,-0.000,0.000,0.000,0.000,0.000,-0.003,-39.441
-129.000,0.000,282010.411,318.976,0.001,-0.000,-0.000,0.000,0.000,0.000,0.000,-0.003,-40.566
-128.000,0.000,284323.584,319.722,0.001,-0.000,-0.000,0.000,0.000,0.000,0.000,-0.003,-41.714
-127.000,0.000,286715.885,320.488,0.001,-0.000,-0.000,0.000,0.000,0.000,0.000,-0.003,-42.884
-126.000,0.000,289189.863,321.275,0.001,-0.000,-0.000,0.000,0.000,0.000,0.000,-0.003,-44.078
-125.000,0.000,291748.182,322.084,0.001,-0.000,-0.000,0.000,0.000,0.000,0.000,-0.003,-45.297
-124.000,0.000,294393.629,322.916,0.001,-0.000,-0.000,0.000,0.000,0.000,0.000,-0.003,-46.540
-123.000,0.000,297129.120,323.769,0.001,-0.000,-0.000,0.000,0.000,0.000,0.000,-0.003,-47.810
-122.000,0.000,299957.700,324.646,0.001,-0.000,-0.000,0.000,0.000,0.000,0.000,-0.003,-49.106
-121.000,0.000,302882.559,325.547,0.001,-0.000,-0.000,0.000,0.000,0.000,0.000,-0.003,-50.429
-120.000,0.000,305907.032,326.471,0.001,-0.000,-0.000,0.000,0.000,0.000,0.000,-0.003,-51.782
-119.000,0.000,309034.608,327.420,0.001,-0.000,-0.000,0.000,0.000,0.000,0.000,-0.003,-53.163
-118.000,0.000,312268.941,328.394,0.001,-0.000,-0.000,0.000,0.000,0.000,0.000,-0.003,-54.574
-117.000,0.000,315613.857,329.393,0.001,-0.000,-0.000,0.000,0.000,0.000,0.000,-0.003,-56.016
-116.000,0.000,319073.359,330.419,0.001,-0.000,-0.000,0.000,0.000,0.000,0.000,-0.003,-57.491
-115.000,0.000,322651.643,331.471,0.001,-0.000,-0.000,0.000,0.000,0.000,0.000,-0.003,-58.998
-114.000,0.000,326353.103,332.551,0.001,-0.000,-0.000,0.000,0.000,0.000,0.000,-0.003,-60.539
-113.000,0.000,330182.346,333.658,0.001,-0.000,-0.000,0.000,0.000,0.000,0.000,-0.003,-62.116
-112.000,0.000,334144.198,334.794,0.001,-0.000,-0.000,0.000,0.000,0.000,0.000,-0.003,-63.728
-111.000,0.000,338243.724,335.960,0.001,-0.000,-0.000,0.000,0.000,0.000,0.000,-0.003,-65.378
-110.000,0.000,342486.232,337.155,0.001,-0.000,-0.000,0.000,0.000,0.000,0.000,-0.003,-67.065
-109.000,0.000,346877.293,338.381,0.001,-0.000,-0.000,0.000,0.000,0.000,0.000,-0.003,-68.793
-108.000,0.000,351422.755,339.638,0.001,-0.000,-0.000,0.000,0.000,0.000,0.000,-0.003,-70.561
-107.000,0.000,356128.755,340.927,0.001,-0.000,-0.000,0.000,0.000,0.000,0.000,-0.003,-72.371
-106.000,0.000,361001.741,342.249,0.001,-0.000,-0.000,0.000,0.000,0.000,0.000,-0.003,-74.224
-105.000,0.000,366048.486,343.604,0.001,-0.000,-0.000,0.000,0.000,0.000,0.000,-0.003,-76.122
-104.000,0.000,371276.107,344.993,0.001,-0.000,-0.000,0.000,0.000,0.000,0.000,-0.003,-78.066
-103.000,0.000,376692.086,346.418,0.001,-0.000,-0.000,0.000,0.000,0.000,0.000,-0.003,-80.058
-102.000,0.000,382304.295,347.879,0.001,-0.000,-0.000,0.000,0.000,0.000,0.000,-0.003,-82.099
-101.000,0.000,388121.013,349.376,0.001,-0.000,-0.000,0.000,0.000,0.000,0.000,-0.003,-84.190
-100.000,0.000,394150.955,350.911,0.001,-0.000,-0.000,0.000,0.000,0.000,0.000,-0.003,-86.333
-99.000,0.000,400403.296,352.485,0.001,-0.000,-0.000,0.000,0.000,0.000,0.000,-0.003,-88.530
-98.000,0.000,406887.703,354.099,0.001,-0.000,-0.000,0.000,0.000,0.000,0.000,-0.003,-90.783
-97.000,0.000,413614.359,355.753,0.001,-0.000,-0.000,0.000,0.000,0.000,0.000,-0.003,-93.093
-96.000,0.000,420594.003,357.449,0.001,-0.000,-0.000,0.000,0.000,0.000,0.000,-0.003,-95.463
-95.000,0.000,427837.958,359.187,0.001,-0.000,-0.000,0.000,0.000,0.000,0.000,-0.003,-97.893
-94.000,0.000,435358.173,360.970,0.001,-0.000,-0.000,0.000,0.000,0.000,0.000,-0.002,-100.387
-93.000,0.000,443167.258,362.797,0.001,-0.000,-0.000,0.000,0.000,0.000,0.000,-0.002,-102.947
-92.000,0.000,451278.533,364.670,0.001,-0.000,-0.000,0.000,0.000,0.000,0.000,-0.002,-105.573
-91.000,0.000,459706.069,366.590,0.001,-0.000,-0.000,0.000,0.000,0.000,0.000,-0.002,-108.270
-90.000,0.000,468464.739,368.559,0.001,-0.000,-0.000,0.000,0.000,0.000,0.000,-0.002,-111.039
-89.000,0.000,477570.272,370.577,0.001,-0.000,-0.000,0.000,0.000,0.000,0.000,-0.002,-113.882
-88.000,0.000,487039.310,372.647,0.001,-0.000,-0.000,0.000,0.000,0.000,0.000,-0.002,-116.803
-87.000,0.000,496889.465,374.769,0.001,-0.000,-0.000,0.000,0.000,0.000,0.000,-0.002,-119.803
-86.000,0.000,507139.393,376.944,0.001,-0.000,-0.000,0.000,0.000,0.000,0.000,-0.002,-122.887
-85.000,0.000,517808.858,379.175,0.001,-0.000,-0.000,0.000,0.000,0.000,0.000,-0.002,-126.056
-84.000,0.000,528918.812,381.463,0.001,-0.000,-0.000,0.000,0.000,0.000,0.000,-0.002,-129.313
-83.000,0.000,540491.478,383.808,0.001,-0.000,-0.000,0.000,0.000,0.000,0.000,-0.002,-132.662
-82.000,0.000,552550.437,386.214,0.001,-0.000,-0.000,0.000,0.000,0.000,0.000,-0.002,-136.107
-81.000,0.000,565120.727,388.681,0.001,-0.000,-0.000,0.000,0.000,0.000,0.000,-0.002,-139.649
-80.000,0.000,578228.942,391.211,0.001,-0.000,-0.000,0.000,0.000,0.000,0.000,-0.002,-143.294
-79.000,0.000,591903.350,393.806,0.001,-0.000,-0.000,0.000,0.000,0.000,0.000,-0.002,-147.045
-78.000,0.000,606174.011,396.468,0.001,-0.000,-0.000,0.000,0.000,0.000,0.000,-0.002,-150.906
-77.000,0.000,621072.907,399.198,0.001,-0.000,-0.000,0.000,0.000,0.000,0.000,-0.002,-154.880
-76.000,0.000,636634.087,401.999,0.001,-0.000,-0.000,0.000,0.000,0.000,0.000,-0.001,-158.972
-75.000,0.000,652893.817,404.873,0.001,-0.000,-0.000,0.000,0.000,0.000,0.000,-0.001,-163.187
-74.000,0.000,669890.748,407.821,0.001,-0.000,-0.000,0.000,0.000,0.000,0.000,-0.001,-167.528
-73.000,0.000,687666.098,410.846,0.001,-0.000,-0.000,0.000,0.000,0.000,0.000,-0.001,-172.002
-72.000,0.000,706263.841,413.950,0.001,-0.000,-0.000,0.000,0.000,0.000,0.000,-0.001,-176.612
-71.000,0.000,725730.926,417.135,0.001,-0.000,-0.000,0.000,0.000,0.000,0.000,-0.001,-181.365
-70.000,0.000,746117.499,420.404,0.001,-0.000,-0.000,0.000,0.000,0.000,0.000,-0.001,-186.265
-69.000,0.000,767477.159,423.759,0.001,-0.000,-0.000,0.000,0.000,0.000,0.000,-0.001,-191.318
-68.000,0.000,789867.224,427.203,0.001,-0.000,-0.000,0.000,0.000,0.000,0.000,-0.001,-196.531
-67.000,0.000,813349.024,430.739,0.001,-0.000,-0.000,0.000,0.000,0.000,0.000,-0.001,-201.908
-66.000,0.000,837988.223,434.368,0.001,-0.000,-0.000,0.000,0.000,0.000,0.000,-0.001,-207.458
-65.000,0.000,863855.165,438.095,0.001,-0.000,-0.000,0.000,0.000,0.000,0.000,-0.000,-213.186
-64.000,0.000,891025.249,441.921,0.001,-0.000,-0.000,0.000,0.000,0.000,0.000,-0.000,-219.100
-63.000,0.000,919579.341,445.851,0.001,-0.000,-0.000,0.000,0.000,0.000,0.000,-0.000,-225.206
-62.000,0.000,949604.214,449.886,0.001,-0.000,-0.000,0.000,0.000,0.000,0.000,-0.000,-231.512
-61.000,0.000,981193.042,454.031,0.001,-0.000,-0.000,0.000,0.000,0.000,0.000,0.000,-238.026
-60.000,0.000,1014445.918,458.288,0.001,-0.000,-0.000,0.000,0.000,0.000,0.000,0.000,-244.756
-59.000,0.000,1049470.431,462.662,0.001,-0.000,-0.000,0.000,0.000,0.000,0.000,0.000,-251.710
-58.000,0.000,1086382.289,467.155,0.001,-0.000,-0.000,0.000,0.000,0.000,0.000,0.001,-258.897
-57.000,0.000,1125305.995,471.772,0.001,-0.000,-0.000,0.000,0.000,0.000,0.000,0.001,-266.326
-56.000,0.000,1166375.585,476.516,0.001,-0.000,-0.000,0.000,0.000,0.000,0.000,0.001,-274.005
-55.000,0.000,1209735.425,481.391,0.001,-0.000,-0.000,0.000,0.000,0.000,0.000,0.001,-281.944
-54.000,0.000,1255541.083,486.401,0.001,-0.000,-0.000,0.000,0.000,0.000,0.000,0.001,-290.153
-53.000,0.000,1303960.267,491.551,0.001,-0.000,-0.000,0.000,0.000,0.000,0.000,0.002,-298.641
-52.000,0.000,1355173.848,496.844,0.001,-0.000,-0.000,0.000,0.000,0.000,0.000,0.002,-307.418
-51.000,0.000,1409376.963,502.285,0.001,-0.000,-0.000,0.000,0.000,0.000,0.000,0.002,-316.494
-50.000,0.000,1466780.211,507.879,0.001,-0.000,-0.000,0.000,0.000,0.000,0.000,0.002,-325.879
-49.000,0.000,1527610.940,513.631,0.001,-0.000,-0.000,0.000,0.000,0.000,0.000,0.002,-335.582
-48.000,0.000,1592114.631,519.544,0.001,-0.000,-0.000,0.000,0.000,0.000,0.000,0.003,-345.613
-47.000,0.000,1660556.389,525.624,0.001,-0.000,-0.000,0.000,0.000,0.000,0.000,0.003,-355.982
-46.000,0.000,1733222.532,531.875,0.001,-0.000,-0.000,0.000,0.000,0.000,0.000,0.003,-366.698
-45.000,0.000,1810422.290,538.303,0.001,-0.000,-0.000,0.000,0.000,0.000,0.000,0.004,-377.769
-44.000,0.000,1892489.598,544.913,0.001,-0.000,-0.000,0.000,0.000,0.000,0.000,0.004,-389.202
-43.000,0.000,1979784.996,551.710,0.001,-0.000,-0.000,0.000,0.000,0.000,0.000,0.004,-401.005
-42.000,0.000,2072697.609,558.699,0.001,-0.000,-0.000,0.000,0.000,0.000,0.000,0.005,-413.182
-41.000,0.000,2171647.198,565.884,0.001,-0.000,-0.000,0.000,0.000,0.000,0.000,0.005,-425.737
-40.000,0.000,2277086.263,573.271,0.001,-0.000,-0.000,0.000,0.000,0.000,0.000,0.005,-438.673
-39.000,0.000,2389502.160,580.865,0.001,-0.000,-0.000,0.000,0.000,0.000,0.000,0.006,-451.988
-38.000,0.000,2509419.188,588.671,0.001,-0.000,-0.000,0.000,0.000,0.000,0.000,0.006,-465.678
-37.000,0.000,2637400.585,596.693,0.001,-0.000,-0.000,0.000,0.000,0.000,0.000,0.007,-479.736
-36.000,0.000,2774050.354,604.936,0.001,-0.000,-0.000,0.000,0.000,0.000,0.000,0.007,-494.151
-35.000,0.000,2920014.820,613.403,0.001,-0.000,-0.000,0.000,0.000,0.000,0.000,0.008,-508.905
-34.000,0.000,3075983.763,622.098,0.001,-0.000,-0.000,0.000,0.000,0.000,0.000,0.009,-523.974
-33.000,0.000,3242690.987,631.025,0.001,-0.000,-0.000,0.000,0.000,0.000,0.000,0.009,-539.330
-32.000,0.000,3420914.084,640.184,0.001,-0.000,-0.000,0.000,0.000,0.000,0.000,0.010,-554.931
-31.000,0.000,3611473.128,649.579,0.001,-0.000,-0.000,0.000,0.000,0.000,0.000,0.011,-570.729
-30.000,0.000,3815227.978,659.209,0.001,-0.000,-0.000,0.000,0.000,0.000,0.000,0.012,-586.662
-29.000,0.000,4033073.771,669.074,0.001,-0.000,-0.000,0.000,0.000,0.000,0.000,0.012,-602.657
-28.000,0.000,4265934.112,679.172,0.001,-0.000,-0.000,0.000,0.000,0.000,0.000,0.013,-618.621
-27.000,0.000,4514751.387,689.498,0.001,-0.000,-0.000,0.000,0.000,0.000,0.000,0.014,-634.446
-26.000,0.000,4780473.493,700.048,0.001,-0.000,-0.000,0.000,0.000,0.000,0.000,0.015,-650.003
-25.000,0.000,5064036.204,710.814,0.001,-0.000,-0.000,0.000,0.000,0.000,0.000,0.016,-665.138
-24.000,0.000,5366340.269,721.785,0.001,-0.000,-0.000,0.000,0.000,0.000,0.000,0.018,-679.673
-23.000,0.000,5688222.272,732.946,0.001,-0.000,-0.000,0.000,0.000,0.000,0.000,0.019,-693.399
-22.000,0.000,6030418.204,744.283,0.001,-0.000,-0.000,0.000,0.000,0.000,0.000,0.020,-706.076
-21.000,0.000,6393518.756,755.773,0.001,-0.000,-0.000,0.000,0.000,0.000,0.000,0.022,-717.429
-20.000,0.000,6777915.382,767.391,0.001,-0.000,-0.000,0.000,0.000,0.000,0.000,0.023,-727.147
-19.000,0.000,7183736.475,779.108,0.001,-0.000,-0.000,0.000,0.000,0.000,0.000,0.025,-734.880
-18.000,0.000,7610773.381,790.887,0.001,-0.000,-0.000,0.000,0.000,0.000,0.000,0.026,-740.242
-17.000,0.000,8058396.658,802.687,0.001,-0.000,-0.000,0.000,0.000,0.000,0.000,0.028,-742.809
-16.000,0.000,8525463.960,814.460,0.001,-0.000,-0.000,0.000,0.000,0.000,0.000,0.030,-742.122
-15.000,0.000,9010222.218,826.151,0.001,-0.000,-0.000,0.000,0.000,0.000,0.000,0.032,-737.697
-14.000,0.000,9510208.471,837.699,0.001,-0.000,-0.000,0.000,0.000,0.000,0.000,0.034,-729.033
-13.000,0.000,10022155.698,849.035,0.001,-0.000,-0.000,0.000,0.000,0.000,0.000,0.035,-715.622
-12.000,0.000,10541912.187,860.082,0.001,-0.000,-0.000,0.000,0.000,0.000,0.000,0.037,-696.969
-11.000,0.000,11064385.146,870.759,0.001,-0.000,-0.000,0.000,0.000,0.000,0.000,0.039,-672.615
-10.000,0.000,11583521.054,880.977,0.001,-0.000,-0.000,0.000,0.000,0.000,0.000,0.041,-642.160
-9.000,0.000,12092336.115,890.642,0.001,-0.000,-0.000,0.000,0.000,0.000,0.000,0.043,-605.293
-8.000,0.000,12583009.625,899.659,0.001,-0.000,-0.000,0.000,0.000,0.000,0.000,0.045,-561.823
-7.000,0.000,13047050.398,907.930,0.001,-0.000,-0.000,0.000,0.000,0.000,0.000,0.047,-511.710
-6.000,0.000,13372830.386,908.502,0.001,-0.000,-0.000,0.000,0.000,0.000,0.000,0.048,-451.624
-5.000,0.000,13754750.315,915.008,0.001,-0.000,-0.000,0.000,0.000,0.000,0.494,0.049,-389.346
-4.000,0.000,14127025.103,923.275,0.001,-0.000,-0.000,0.000,0.000,0.000,7.121,0.051,-322.474
-3.000,0.000,14572970.687,938.891,0.001,-0.000,-0.000,0.000,0.000,0.000,18.732,0.053,-252.634
-2.000,0.000,15106957.354,962.896,0.001,-0.000,-0.000,0.000,0.000,0.000,27.325,0.057,-178.812
-1.000,0.000,15619459.966,988.703,0.001,-0.000,-0.000,0.000,0.000,0.000,25.223,0.060,-98.889
0.000,0.000,15677181.049,989.801,0.001,-0.000,-0.000,0.000,0.000,0.896,14.694,0.061,-12.903
1.000,0.000,16167458.819,1021.656,0.001,-0.000,-0.000,0.000,0.000,0.891,42.348,0.065,75.750
2.000,0.000,16597491.869,1053.932,0.001,-0.000,-0.000,0.000,0.000,0.886,37.993,0.069,169.145
3.000,0.000,16896597.608,1082.419,0.001,-0.000,-0.000,0.000,0.000,0.880,36.732,0.072,265.130
4.000,0.000,17091419.790,1108.810,0.001,-0.000,-0.000,0.000,0.000,0.874,36.501,0.075,362.054
5.000,0.000,17189119.631,1133.451,0.001,-0.000,-0.000,0.000,0.000,0.869,36.264,0.077,458.339
6.000,0.000,17194105.268,1156.382,0.001,-0.000,-0.000,0.000,0.000,0.863,36.020,0.079,552.477
7.000,0.000,17112765.778,1177.666,0.001,-0.000,-0.000,0.000,0.000,0.857,35.771,0.081,643.142
8.000,0.000,16953012.450,1197.376,0.001,-0.000,-0.000,0.000,0.000,0.851,35.516,0.082,729.218
9.000,0.000,16723792.365,1215.598,0.001,-0.000,-0.000,0.000,0.000,0.844,35.256,0.082,809.826
10.000,0.000,16434615.702,1232.426,0.001,-0.000,-0.000,0.000,0.000,0.838,34.989,0.083,884.318
11.000,0.000,16095129.454,1247.959,0.001,-0.000,-0.000,0.000,0.000,0.831,34.716,0.083,952.276
12.000,0.000,15714759.097,1262.297,0.001,-0.000,-0.000,0.000,0.000,0.825,34.438,0.083,1013.484
13.000,0.000,15302428.668,1275.543,0.001,-0.000,-0.000,0.000,0.000,0.818,34.154,0.082,1067.905
14.000,0.000,14866360.463,1287.795,0.001,-0.000,-0.000,0.000,0.000,0.811,33.865,0.082,1115.650
15.000,0.000,14413948.615,1299.148,0.001,-0.000,-0.000,0.000,0.000,0.804,33.569,0.081,1156.946
16.000,0.000,13951696.526,1309.693,0.001,-0.000,-0.000,0.000,0.000,0.796,33.268,0.080,1192.108
17.000,0.000,13485205.701,1319.514,0.001,-0.000,-0.000,0.000,0.000,0.789,32.962,0.079,1221.512
18.000,0.000,13019203.406,1328.688,0.001,-0.000,-0.000,0.000,0.000,0.781,32.650,0.078,1245.573
19.000,0.000,12557597.517,1337.287,0.001,-0.000,-0.000,0.000,0.000,0.774,32.333,0.077,1264.723
20.000,0.000,12103548.437,1345.376,0.001,-0.000,-0.000,0.000,0.000,0.766,32.011,0.076,1279.401
21.000,0.000,11659549.967,1353.013,0.001,-0.000,-0.000,0.000,0.000,0.759,31.683,0.074,1290.036
22.000,0.000,11100752.790,1344.960,0.001,-0.000,-0.000,0.000,0.000,0.000,0.000,0.072,1282.398
23.000,0.000,10487942.754,1326.716,0.001,-0.000,-0.000,0.000,0.000,0.000,0.000,0.068,1262.189
24.000,0.000,9910451.310,1308.733,0.001,-0.000,-0.000,0.000,0.000,0.000,0.000,0.065,1239.888
25.000,0.000,9367124.930,1291.039,0.001,-0.000,-0.000,0.000,0.000,0.000,0.000,0.062,1215.933
26.000,0.000,8856610.382,1273.655,0.001,-0.000,-0.000,0.000,0.000,0.000,0.000,0.059,1190.707
27.000,0.000,8377421.539,1256.600,0.001,-0.000,-0.000,0.000,0.000,0.000,0.000,0.056,1164.540
28.000,0.000,7927993.270,1239.886,0.001,-0.000,-0.000,0.000,0.000,0.000,0.000,0.054,1137.717
29.000,0.000,7506724.135,1223.522,0.001,-0.000,-0.000,0.000,0.000,0.000,0.000,0.051,1110.479
30.000,0.000,7112009.595,1207.516,0.001,-0.000,-0.000,0.000,0.000,0.000,0.000,0.049,1083.033
31.000,0.000,6742267.287,1191.869,0.001,-0.000,-0.000,0.000,0.000,0.000,0.000,0.047,1055.550
32.000,0.000,6395955.774,1176.585,0.001,-0.000,-0.000,0.000,0.000,0.000,0.000,0.045,1028.175
33.000,0.000,6071587.996,1161.662,0.001,-0.000,-0.000,0.000,0.000,0.000,0.000,0.043,1001.027
34.000,0.000,5767740.464,1147.099,0.001,-0.000,-0.000,0.000,0.000,0.000,0.000,0.041,974.203
35.000,0.000,5483059.104,1132.891,0.001,-0.000,-0.000,0.000,0.000,0.000,0.000,0.039,947.783
36.000,0.000,5216262.463,1119.036,0.001,-0.000,-0.000,0.000,0.000,0.000,0.000,0.038,921.829
37.000,0.000,4966142.903,1105.526,0.001,-0.000,-0.000,0.000,0.000,0.000,0.000,0.036,896.390
38.000,0.000,4731566.275,1092.357,0.001,-0.000,-0.000,0.000,0.000,0.000,0.000,0.035,871.505
39.000,0.000,4511470.459,1079.522,0.001,-0.000,-0.000,0.000,0.000,0.000,0.000,0.033,847.201
40.000,0.000,4304863.096,1067.014,0.001,-0.000,-0.000,0.000,0.000,0.000,0.000,0.032,823.497
41.000,0.000,4110818.763,1054.826,0.001,-0.000,-0.000,0.000,0.000,0.000,0.000,0.031,800.408
42.000,0.000,3928475.781,1042.951,0.001,-0.000,-0.000,0.000,0.000,0.000,0.000,0.030,777.938
43.000,0.000,3757032.815,1031.380,0.001,-0.000,-0.000,0.000,0.000,0.000,0.000,0.029,756.092
44.000,0.000,3595745.368,1020.107,0.001,-0.000,-0.000,0.000,0.000,0.000,0.000,0.028,734.867
45.000,0.000,3443922.272,1009.124,0.001,-0.000,-0.000,0.000,0.000,0.000,0.000,0.027,714.257
46.000,0.000,3300922.228,998.423,0.001,-0.000,-0.000,0.000,0.000,0.000,0.000,0.026,694.255
47.000,0.000,3166150.445,987.997,0.001,-0.000,-0.000,0.000,0.000,0.000,0.000,0.025,674.852
48.000,0.000,3039055.410,977.838,0.001,-0.000,-0.000,0.000,0.000,0.000,0.000,0.024,656.035
49.000,0.000,2919125.811,967.939,0.001,-0.000,-0.000,0.000,0.000,0.000,0.000,0.023,637.793
50.000,0.000,2805887.620,958.293,0.001,-0.000,-0.000,0.000,0.000,0.000,0.000,0.023,620.111
51.000,0.000,2698901.354,948.893,0.001,-0.000,-0.000,0.000,0.000,0.000,0.000,0.022,602.974
52.000,0.000,2597759.496,939.731,0.001,-0.000,-0.000,0.000,0.000,0.000,0.000,0.021,586.369
53.000,0.000,2502084.097,930.802,0.001,-0.000,-0.000,0.000,0.000,0.000,0.000,0.021,570.279
54.000,0.000,2411524.538,922.099,0.001,-0.000,-0.000,0.000,0.000,0.000,0.000,0.020,554.689
55.000,0.000,2325755.453,913.615,0.001,-0.000,-0.000,0.000,0.000,0.000,0.000,0.019,539.584
56.000,0.000,2244474.801,905.344,0.001,-0.000,-0.000,0.000,0.000,0.000,0.000,0.019,524.948
57.000,0.000,2167402.082,897.280,0.001,-0.000,-0.000,0.000,0.000,0.000,0.000,0.018,510.766
58.000,0.000,2094276.696,889.417,0.001,-0.000,-0.000,0.000,0.000,0.000,0.000,0.018,497.023
59.000,0.000,2024856.412,881.750,0.001,-0.000,-0.000,0.000,0.000,0.000,0.000,0.017,483.704
60.000,0.000,1958915.974,874.274,0.001,-0.000,-0.000,0.000,0.000,0.000,0.000,0.017,470.794
61.000,0.000,1896245.801,866.982,0.001,-0.000,-0.000,0.000,0.000,0.000,0.000,0.016,458.281
62.000,0.000,1836650.801,859.870,0.001,-0.000,-0.000,0.000,0.000,0.000,0.000,0.016,446.149
63.000,0.000,1779949.269,852.932,0.001,-0.000,-0.000,0.000,0.000,0.000,0.000,0.016,434.385
64.000,0.000,1725971.880,846.165,0.001,-0.000,-0.000,0.000,0.000,0.000,0.000,0.015,422.978
65.000,0.000,1674560.756,839.563,0.001,-0.000,-0.000,0.000,0.000,0.000,0.000,0.015,411.913
66.000,0.000,1625568.613,833.121,0.001,-0.000,-0.000,0.000,0.000,0.000,0.000,0.014,401.179
67.000,0.000,1578857.972,826.836,0.001,-0.000,-0.000,0.000,0.000,0.000,0.000,0.014,390.765
68.000,0.000,1534300.432,820.704,0.001,-0.000,-0.000,0.000,0.000,0.000,0.000,0.014,380.658
69.000,0.000,1491776.004,814.719,0.001,-0.000,-0.000,0.000,0.000,0.000,0.000,0.013,370.849
70.000,0.000,1451172.496,808.878,0.001,-0.000,-0.000,0.000,0.000,0.000,0.000,0.013,361.326
71.000,0.000,1412384.944,803.178,0.001,-0.000,-0.000,0.000,0.000,0.000,0.000,0.013,352.080
72.000,0.000,1375315.094,797.615,0.001,-0.000,-0.000,0.000,0.000,0.000,0.000,0.013,343.100
73.000,0.000,1339870.917,792.184,0.001,-0.000,-0.000,0.000,0.000,0.000,0.000,0.012,334.378
74.000,0.000,1305966.168,786.883,0.001,-0.000,-0.000,0.000,0.000,0.000,0.000,0.012,325.904
75.000,0.000,1273519.975,781.708,0.001,-0.000,-0.000,0.000,0.000,0.000,0.000,0.012,317.670
76.000,0.000,1242456.463,776.656,0.001,-0.000,-0.000,0.000,0.000,0.000,0.000,0.012,309.667
77.000,0.000,1212704.406,771.724,0.001,-0.000,-0.000,0.000,0.000,0.000,0.000,0.011,301.888
78.000,0.000,1184196.902,766.909,0.001,-0.000,-0.000,0.000,0.000,0.000,0.000,0.011,294.324
79.000,0.000,1156871.080,762.207,0.001,-0.000,-0.000,0.000,0.000,0.000,0.000,0.011,286.969
80.000,0.000,1130667.821,757.617,0.001,-0.000,-0.000,0.000,0.000,0.000,0.000,0.011,279.815
81.000,0.000,1105531.507,753.135,0.001,-0.000,-0.000,0.000,0.000,0.000,0.000,0.010,272.855
82.000,0.000,1081409.785,748.758,0.001,-0.000,-0.000,0.000,0.000,0.000,0.000,0.010,266.084
83.000,0.000,1058253.347,744.484,0.001,-0.000,-0.000,0.000,0.000,0.000,0.000,0.010,259.494
84.000,0.000,1036015.733,740.311,0.001,-0.000,-0.000,0.000,0.000,0.000,0.000,0.010,253.079
85.000,0.000,1014653.138,736.235,0.001,-0.000,-0.000,0.000,0.000,0.000,0.000,0.010,246.834
86.000,0.000,994124.245,732.255,0.001,-0.000,-0.000,0.000,0.000,0.000,0.000,0.010,240.754
87.000,0.000,974390.061,728.368,0.001,-0.000,-0.000,0.000,0.000,0.000,0.000,0.009,234.832
88.000,0.000,955413.767,724.573,0.001,-0.000,-0.000,0.000,0.000,0.000,0.000,0.009,229.064
89.000,0.000,937160.584,720.866,0.001,-0.000,-0.000,0.000,0.000,0.000,0.000,0.009,223.445
90.000,0.000,919597.637,717.246,0.001,-0.000,-0.000,0.000,0.000,0.000,0.000,0.009,217.969
91.000,0.000,902693.843,713.711,0.001,-0.000,-0.000,0.000,0.000,0.000,0.000,0.009,212.633
92.000,0.000,886419.796,710.258,0.001,-0.000,-0.000,0.000,0.000,0.000,0.000,0.009,207.432
93.000,0.000,870747.664,706.887,0.001,-0.000,-0.000,0.000,0.000,0.000,0.000,0.008,202.362
94.000,0.000,855651.092,703.594,0.001,-0.000,-0.000,0.000,0.000,0.000,0.000,0.008,197.418
95.000,0.000,841105.115,700.378,0.001,-0.000,-0.000,0.000,0.000,0.000,0.000,0.008,192.596
96.000,0.000,827086.071,697.238,0.001,-0.000,-0.000,0.000,0.000,0.000,0.000,0.008,187.894
97.000,0.000,813571.526,694.172,0.001,-0.000,-0.000,0.000,0.000,0.000,0.000,0.008,183.306
98.000,0.000,800540.199,691.177,0.001,-0.000,-0.000,0.000,0.000,0.000,0.000,0.008,178.831
99.000,0.000,787971.894,688.253,0.001,-0.000,-0.000,0.000,0.000,0.000,0.000,0.008,174.463
100.000,0.000,775847.441,685.398,0.001,-0.000,-0.000,0.000,0.000,0.000,0.000,0.008,170.201
101.000,0.000,764148.631,682.610,0.001,-0.000,-0.000,0.000,0.000,0.000,0.000,0.007,166.040
102.000,0.000,752858.164,679.887,0.001,-0.000,-0.000,0.000,0.000,0.000,0.000,0.007,161.978
103.000,0.000,741959.597,677.229,0.001,-0.000,-0.000,0.000,0.000,0.000,0.000,0.007,158.012
104.000,0.000,731437.296,674.634,0.001,-0.000,-0.000,0.000,0.000,0.000,0.000,0.007,154.139
105.000,0.000,721276.389,672.101,0.001,-0.000,-0.000,0.000,0.000,0.000,0.000,0.007,150.356
106.000,0.000,711462.723,669.628,0.001,-0.000,-0.000,0.000,0.000,0.000,0.000,0.007,146.661
107.000,0.000,701982.829,667.213,0.001,-0.000,-0.000,0.000,0.000,0.000,0.000,0.007,143.050
108.000,0.000,692823.880,664.857,0.001,-0.000,-0.000,0.000,0.000,0.000,0.000,0.007,139.522
109.000,0.000,683973.657,662.557,0.001,-0.000,-0.000,0.000,0.000,0.000,0.000,0.007,136.074
110.000,0.000,675420.519,660.312,0.001,-0.000,-0.000,0.000,0.000,0.000,0.000,0.007,132.704
111.000,0.000,667153.368,658.121,0.001,-0.000,-0.000,0.000,0.000,0.000,0.000,0.007,129.409
112.000,0.000,659161.625,655.983,0.001,-0.000,-0.000,0.000,0.000,0.000,0.000,0.006,126.187
113.000,0.000,651435.197,653.897,0.001,-0.000,-0.000,0.000,0.000,0.000,0.000,0.006,123.037
114.000,0.000,643964.458,651.862,0.001,-0.000,-0.000,0.000,0.000,0.000,0.000,0.006,119.955
115.000,0.000,636740.219,649.876,0.001,-0.000,-0.000,0.000,0.000,0.000,0.000,0.006,116.941
116.000,0.000,629753.710,647.939,0.001,-0.000,-0.000,0.000,0.000,0.000,0.000,0.006,113.992
117.000,0.000,622996.557,646.050,0.001,-0.000,-0.000,0.000,0.000,0.000,0.000,0.006,111.106
118.000,0.000,616460.762,644.208,0.001,-0.000,-0.000,0.000,0.000,0.000,0.000,0.006,108.282
119.000,0.000,610138.684,642.411,0.001,-0.000,-0.000,0.000,0.000,0.000,0.000,0.006,105.517
120.000,0.000,604023.022,640.660,0.001,-0.000,-0.000,0.000,0.000,0.000,0.000,0.006,102.810
121.000,0.000,598106.797,638.952,0.001,-0.000,-0.000,0.000,0.000,0.000,0.000,0.006,100.159
122.000,0.000,592383.339,637.288,0.001,-0.000,-0.000,0.000,0.000,0.000,0.000,0.006,97.563
123.000,0.000,586846.269,635.666,0.001,-0.000,-0.000,0.000,0.000,0.000,0.000,0.006,95.020
124.000,0.000,581489.487,634.085,0.001,-0.000,-0.000,0.000,0.000,0.000,0.000,0.006,92.529
125.000,0.000,576307.159,632.546,0.001,-0.000,-0.000,0.000,0.000,0.000,0.000,0.006,90.087
126.000,0.000,571293.701,631.046,0.001,-0.000,-0.000,0.000,0.000,0.000,0.000,0.006,87.694
127.000,0.000,566443.773,629.585,0.001,-0.000,-0.000,0.000,0.000,0.000,0.000,0.006,85.349
128.000,0.000,561752.262,628.163,0.001,-0.000,-0.000,0.000,0.000,0.000,0.000,0.005,83.049
129.000,0.000,557214.278,626.779,0.001,-0.000,-0.000,0.000,0.000,0.000,0.000,0.005,80.793
130.000,0.000,552825.137,625.432,0.001,-0.000,-0.000,0.000,0.000,0.000,0.000,0.005,78.580
131.000,0.000,548580.357,624.121,0.001,-0.000,-0.000,0.000,0.000,0.000,0.000,0.005,76.409
132.000,0.000,544475.645,622.846,0.001,-0.000,-0.000,0.000,0.000,0.000,0.000,0.005,74.279
133.000,0.000,540506.892,621.606,0.001,-0.000,-0.000,0.000,0.000,0.000,0.000,0.005,72.187
134.000,0.000,536670.165,620.401,0.001,-0.000,-0.000,0.000,0.000,0.000,0.000,0.005,70.134
135.000,0.000,532961.695,619.229,0.001,-0.000,-0.000,0.000,0.000,0.000,0.000,0.005,68.118
136.000,0.000,529377.876,618.091,0.001,-0.000,-0.000,0.000,0.000,0.000,0.000,0.005,66.137
137.000,0.000,525915.253,616.986,0.001,-0.000,-0.000,0.000,0.000,0.000,0.000,0.005,64.191
138.000,0.000,522570.520,615.913,0.001,-0.000,-0.000,0.000,0.000,0.000,0.000,0.005,62.279
139.000,0.000,519340.510,614.872,0.001,-0.000,-0.000,0.000,0.000,0.000,0.000,0.005,60.399
140.000,0.000,516222.191,613.862,0.001,-0.000,-0.000,0.000,0.000,0.000,0.000,0.005,58.551
141.000,0.000,513212.663,612.882,0.001,-0.000,-0.000,0.000,0.000,0.000,0.000,0.005,56.732
142.000,0.000,510309.147,611.933,0.001,-0.000,-0.000,0.000,0.000,0.000,0.000,0.005,54.944
143.000,0.000,507508.987,611.014,0.001,-0.000,-0.000,0.000,0.000,0.000,0.000,0.005,53.183
144.000,0.000,504809.640,610.124,0.001,-0.000,-0.000,0.000,0.000,0.000,0.000,0.005,51.450
145.000,0.000,502208.673,609.263,0.001,-0.000,-0.000,0.000,0.000,0.000,0.000,0.005,49.743
146.000,0.000,499703.760,608.430,0.001,-0.000,-0.000,0.000,0.000,0.000,0.000,0.005,48.062
147.000,0.000,497292.679,607.626,0.001,-0.000,-0.000,0.000,0.000,0.000,0.000,0.005,46.406
148.000,0.000,494973.305,606.849,0.001,-0.000,-0.000,0.000,0.000,0.000,0.000,0.005,44.773
149.000,0.000,492743.607,606.099,0.001,-0.000,-0.000,0.000,0.000,0.000,0.000,0.005,43.164
150.000,0.000,490601.650,605.377,0.001,-0.000,-0.000,0.000,0.000,0.000,0.000,0.005,41.576
151.000,0.000,488545.583,604.681,0.001,-0.000,-0.000,0.000,0.000,0.000,0.000,0.005,40.009
152.000,0.000,486573.643,604.011,0.001,-0.000,-0.000,0.000,0.000,0.000,0.000,0.005,38.463
153.000,0.000,484684.149,603.367,0.001,-0.000,-0.000,0.000,0.000,0.000,0.000,0.005,36.936
154.000,0.000,482875.502,602.749,0.001,-0.000,-0.000,0.000,0.000,0.000,0.000,0.005,35.428
155.000,0.000,481145.946,602.156,0.001,-0.000,-0.000,0.000,0.000,0.000,0.000,0.005,33.938
156.000,0.000,479485.553,601.585,0.001,-0.000,-0.000,0.000,0.001,0.000,0.000,0.005,32.464
157.000,0.000,477886.974,601.034,0.001,-0.000,-0.001,0.000,0.001,0.000,0.000,0.005,31.006
158.000,0.000,476349.133,600.502,0.001,-0.000,-0.001,0.000,0.002,0.000,0.000,0.005,29.562
159.000,0.000,474866.802,599.989,0.001,-0.000,-0.001,0.000,0.003,0.000,0.000,0.005,28.133
160.000,0.000,473415.925,599.484,0.001,-0.000,-0.002,0.000,0.006,0.000,0.000,0.005,26.715
161.000,0.000,471991.839,598.988,0.001,-0.000,-0.003,0.000,0.008,0.000,0.000,0.004,25.310
162.000,0.000,470594.133,598.500,0.001,-0.000,-0.004,0.000,0.010,0.000,0.000,0.004,23.915
163.000,0.000,469209.505,598.016,0.001,-0.000,-0.005,0.000,0.013,0.000,0.000,0.004,22.531
164.000,0.000,467819.903,597.528,0.001,-0.000,-0.007,0.000,0.017,0.000,0.000,0.004,21.156
165.000,0.000,466424.966,597.038,0.001,-0.000,-0.008,0.000,0.020,0.000,0.000,0.004,19.790
166.000,0.000,465023.248,596.544,0.001,-0.000,-0.010,0.000,0.024,0.000,0.000,0.004,18.433
167.000,0.000,463594.457,596.039,0.001,-0.000,-0.012,0.000,0.029,0.000,0.000,0.004,17.084
168.000,0.000,462131.703,595.521,0.001,-0.000,-0.013,0.000,0.034,0.000,0.000,0.004,15.744
169.000,0.000,460635.316,594.990,0.001,-0.000,-0.015,0.000,0.039,0.000,0.000,0.004,14.412
170.000,0.000,459098.819,594.444,0.001,-0.000,-0.018,0.000,0.044,0.000,0.000,0.004,13.089
171.000,0.000,457503.172,593.875,0.001,-0.000,-0.020,0.000,0.051,0.000,0.000,0.004,11.774
172.000,0.000,455847.808,593.283,0.001,-0.000,-0.022,0.000,0.057,0.000,0.000,0.004,10.467
173.000,0.000,454133.327,592.668,0.001,-0.000,-0.025,0.000,0.063,0.000,0.000,0.004,9.169
174.000,0.000,452345.338,592.026,0.001,-0.000,-0.028,0.000,0.070,0.000,0.000,0.004,7.880
175.000,0.000,450474.482,591.351,0.001,-0.000,-0.030,0.000,0.078,0.000,0.000,0.004,6.600
176.000,0.000,448521.937,590.645,0.001,-0.000,-0.033,0.000,0.085,0.000,0.000,0.004,5.331
177.000,0.000,446485.980,589.906,0.001,-0.000,-0.036,0.000,0.093,0.000,0.000,0.004,4.071
178.000,0.000,444350.709,589.129,0.001,-0.000,-0.039,0.000,0.102,0.000,0.000,0.004,2.823
179.000,0.000,442114.846,588.312,0.001,-0.000,-0.042,0.000,0.110,0.000,0.000,0.004,1.586
180.000,0.000,439780.140,587.456,0.001,-0.000,-0.046,0.000,0.119,0.000,0.000,0.004,0.362
181.000,0.000,437339.390,586.557,0.001,-0.000,-0.049,0.000,0.129,0.000,0.000,0.004,-0.849
182.000,0.000,434781.885,585.612,0.001,-0.000,-0.052,0.000,0.138,0.000,0.000,0.004,-2.047
183.000,0.000,432109.784,584.619,0.001,-0.000,-0.056,0.000,0.148,0.000,0.000,0.004,-3.230
184.000,0.000,429324.678,583.580,0.001,-0.000,-0.059,0.000,0.158,0.000,0.000,0.004,-4.397
185.000,0.000,426416.282,582.489,0.001,-0.000,-0.063,0.000,0.169,0.000,0.000,0.004,-5.548
186.000,0.000,423383.080,581.346,0.001,-0.000,-0.066,0.000,0.179,0.000,0.000,0.004,-6.681
187.000,0.000,420228.124,580.150,0.001,-0.000,-0.070,0.000,0.190,0.000,0.000,0.004,-7.796
188.000,0.000,416950.423,578.901,0.001,-0.000,-0.074,0.000,0.201,0.000,0.000,0.004,-8.892
189.000,0.000,413541.360,577.594,0.001,-0.000,-0.077,0.000,0.213,0.000,0.000,0.004,-9.967
190.000,0.000,410003.946,576.229,0.001,-0.000,-0.081,0.000,0.224,0.000,0.000,0.004,-11.021
191.000,0.000,406341.988,574.806,0.001,-0.000,-0.084,0.000,0.236,0.000,0.000,0.003,-12.053
192.000,0.000,402551.640,573.324,0.001,-0.000,-0.088,0.000,0.248,0.000,0.000,0.003,-13.062
193.000,0.000,398631.913,571.780,0.001,-0.000,-0.092,0.000,0.260,0.000,0.000,0.003,-14.046
194.000,0.000,394587.356,570.174,0.001,-0.000,-0.095,0.000,0.272,0.000,0.000,0.003,-15.005
195.000,0.000,390421.215,568.508,0.001,-0.000,-0.099,0.000,0.285,0.000,0.000,0.003,-15.937
196.000,0.000,386130.189,566.777,0.001,-0.000,-0.102,0.000,0.298,0.000,0.000,0.003,-16.843
197.000,0.000,381718.062,564.983,0.001,-0.000,-0.105,0.000,0.311,0.000,0.000,0.003,-17.720
198.000,0.000,377190.125,563.125,0.001,-0.000,-0.109,0.000,0.324,0.000,0.000,0.003,-18.568
199.000,0.000,372548.702,561.203,0.001,-0.000,-0.112,0.000,0.337,0.000,0.000,0.003,-19.387
200.000,0.000,367794.866,559.216,0.001,-0.000,-0.115,0.000,0.350,0.000,0.000,0.003,-20.175
201.000,0.000,362934.416,557.163,0.001,-0.000,-0.118,0.000,0.364,0.000,0.000,0.003,-20.932
202.000,0.000,357972.948,555.047,0.001,-0.000,-0.121,0.000,0.377,0.000,0.000,0.003,-21.657
203.000,0.000,352912.468,552.866,0.001,-0.000,-0.124,0.000,0.391,0.000,0.000,0.003,-22.349
204.000,0.000,347757.756,550.620,0.001,-0.000,-0.127,0.000,0.404,0.000,0.000,0.002,-23.008
205.000,0.000,342515.033,548.310,0.001,-0.000,-0.129,0.000,0.418,0.000,0.000,0.002,-23.633
206.000,0.000,337189.770,545.935,0.001,-0.000,-0.132,0.000,0.432,0.000,0.000,0.002,-24.224
207.000,0.000,331786.014,543.497,0.001,-0.000,-0.134,0.000,0.446,0.000,0.000,0.002,-24.781
208.000,0.000,326310.032,540.996,0.001,-0.000,-0.136,0.000,0.460,0.000,0.000,0.002,-25.302
209.000,0.000,320768.211,538.432,0.001,-0.000,-0.138,0.000,0.474,0.000,0.000,0.002,-25.789
210.000,0.000,315166.625,535.806,0.001,-0.000,-0.140,0.000,0.488,0.000,0.000,0.002,-26.240
211.000,0.000,309511.425,533.120,0.001,-0.000,-0.142,0.000,0.501,0.000,0.000,0.002,-26.656
212.000,0.000,303808.925,530.373,0.001,-0.000,-0.144,0.000,0.515,0.000,0.000,0.002,-27.037
213.000,0.000,298065.577,527.568,0.001,-0.000,-0.145,0.000,0.529,0.000,0.000,0.002,-27.382
214.000,0.000,292288.556,524.705,0.001,-0.000,-0.146,0.000,0.543,0.000,0.000,0.002,-27.693
215.000,0.000,286484.093,521.785,0.001,-0.000,-0.148,0.000,0.557,0.000,0.000,0.002,-27.968
216.000,0.000,280658.130,518.809,0.001,-0.000,-0.149,0.000,0.571,0.000,0.000,0.001,-28.208
217.000,0.000,274817.743,515.779,0.001,-0.000,-0.149,0.000,0.584,0.000,0.000,0.001,-28.415
218.000,0.000,268970.347,512.697,0.001,-0.000,-0.150,0.000,0.598,0.000,0.000,0.001,-28.587
219.000,0.000,263121.388,509.563,0.001,-0.000,-0.151,0.000,0.611,0.000,0.000,0.001,-28.727
220.000,0.000,257276.349,506.380,0.001,-0.000,-0.151,0.000,0.625,0.000,0.000,0.001,-28.833
221.000,0.000,251443.886,503.148,0.001,-0.000,-0.151,0.000,0.638,0.000,0.000,0.001,-28.907
222.000,0.000,245629.908,499.871,0.001,-0.000,-0.151,0.000,0.651,0.000,0.000,0.001,-28.950
223.000,0.000,239838.984,496.549,0.001,-0.000,-0.151,0.000,0.664,0.000,0.000,0.001,-28.962
224.000,0.000,234076.941,493.183,0.001,0.000,-0.151,0.000,0.677,0.000,0.000,0.001,-28.943
225.000,0.000,228351.810,489.777,0.001,0.000,-0.151,0.000,0.690,0.000,0.000,0.001,-28.896
226.000,0.000,222667.602,486.332,0.001,0.000,-0.150,0.000,0.702,0.000,0.000,0.001,-28.821
227.000,0.000,217027.998,482.849,0.001,0.000,-0.149,0.000,0.715,0.000,0.000,0.001,-28.718
228.000,0.000,211440.907,479.331,0.001,0.000,-0.149,0.000,0.727,0.000,0.000,0.000,-28.589
229.000,0.000,205917.006,475.785,0.001,0.000,-0.147,0.000,0.739,0.000,0.000,0.000,-28.436
230.000,0.000,200465.655,472.215,0.001,0.000,-0.146,0.000,0.751,0.000,0.000,0.000,-28.260
231.000,0.000,195097.547,468.629,0.001,0.000,-0.144,0.000,0.763,0.000,0.000,0.000,-28.064
232.000,0.000,189827.959,465.037,0.001,0.000,-0.142,0.000,0.774,0.000,0.000,0.000,-27.850
233.000,0.000,184667.493,461.446,0.001,0.000,-0.140,0.000,0.785,0.000,0.000,0.000,-27.621
234.000,0.000,179626.005,457.866,0.001,0.000,-0.138,0.000,0.796,0.000,0.000,0.000,-27.378
235.000,0.000,174716.544,454.308,0.001,0.000,-0.135,0.000,0.807,0.000,0.000,0.000,-27.126
236.000,0.000,169953.098,450.785,0.001,0.000,-0.132,0.000,0.817,0.000,0.000,0.000,-26.868
237.000,0.000,165345.419,447.306,0.001,0.000,-0.128,0.000,0.827,0.000,0.000,-0.000,-26.605
238.000,0.000,160903.665,443.884,0.001,0.000,-0.125,0.000,0.837,0.000,0.000,-0.000,-26.341
239.000,0.000,156642.444,440.536,0.001,0.000,-0.121,0.000,0.846,0.000,0.000,-0.000,-26.081
240.000,0.000,152572.518,437.274,0.001,0.000,-0.116,0.000,0.856,0.000,0.000,-0.000,-25.826
241.000,0.000,148702.735,434.113,0.000,0.000,-0.112,0.000,0.865,0.000,0.000,-0.000,-25.581
242.000,0.000,145043.412,431.068,0.000,0.000,-0.107,0.000,0.873,0.000,0.000,-0.000,-25.349
243.000,0.000,141607.007,428.156,0.000,0.000,-0.102,0.000,0.882,0.000,0.000,-0.000,-25.133
244.000,0.000,138400.547,425.392,0.000,0.000,-0.097,0.000,0.890,0.000,0.000,-0.000,-24.937
245.000,0.000,135430.089,422.789,0.000,0.000,-0.092,0.000,0.898,0.000,0.000,-0.000,-24.764
246.000,0.000,132703.887,420.362,0.000,0.000,-0.087,0.000,0.905,0.000,0.000,-0.000,-24.617
247.000,0.000,130235.926,418.134,0.000,0.000,-0.081,0.000,0.912,0.000,0.000,-0.000,-24.501
248.000,0.000,128042.673,416.128,0.000,0.000,-0.075,0.000,0.919,0.000,0.000,-0.000,-24.420
249.000,0.000,126116.885,414.345,0.000,0.000,-0.069,0.000,0.925,0.000,0.000,-0.000,-24.377
250.000,0.000,124448.138,412.783,0.000,0.000,-0.064,0.000,0.930,0.000,0.000,-0.000,-24.369
251.000,0.000,123023.628,411.438,0.000,0.000,-0.059,0.000,0.936,0.000,0.000,-0.000,-24.398
252.000,0.000,121827.971,410.300,0.000,0.000,-0.055,0.000,0.942,0.000,0.000,-0.000,-24.461
253.000,0.000,120843.154,409.356,0.000,0.000,-0.051,0.000,0.946,0.000,0.000,-0.000,-24.557
254.000,0.000,120048.732,408.590,0.000,0.000,-0.047,0.000,0.951,0.000,0.000,-0.000,-24.683
255.000,0.000,119422.341,407.984,0.000,0.000,-0.044,0.000,0.955,0.000,0.000,-0.000,-24.835
256.000,0.000,118940.533,407.515,0.000,0.000,-0.042,0.000,0.959,0.000,0.000,-0.000,-25.009
257.000,0.000,118579.847,407.162,0.000,0.000,-0.040,0.000,0.962,0.000,0.000,-0.000,-25.202
258.000,0.000,118317.940,406.906,0.000,0.000,-0.038,0.000,0.965,0.000,0.000,-0.000,-25.408
259.000,0.000,118134.549,406.725,0.000,0.000,-0.037,0.000,0.968,0.000,0.000,-0.000,-25.625
260.000,0.000,118012.131,406.604,0.000,0.000,-0.037,0.000,0.970,0.000,0.000,-0.000,-25.849
261.000,0.000,117936.103,406.527,0.000,0.000,-0.036,0.000,0.971,0.000,0.000,-0.000,-26.076
262.000,0.000,117894.754,406.485,0.000,0.000,-0.036,0.000,0.973,0.000,0.000,-0.000,-26.304
263.000,0.000,117878.937,406.467,0.000,0.000,-0.036,0.000,0.974,0.000,0.000,-0.000,-26.531
264.000,0.000,117881.657,406.468,0.000,0.000,-0.036,0.000,0.974,0.000,0.000,-0.000,-26.756
265.000,0.000,117897.644,406.481,0.000,0.000,-0.036,0.000,0.974,0.000,0.000,-0.000,-26.976
266.000,0.000,117922.969,406.504,0.000,0.000,-0.036,0.000,0.974,0.000,0.000,-0.000,-27.191
267.000,0.000,117954.719,406.532,0.000,0.000,-0.036,0.000,0.974,0.000,0.000,-0.000,-27.401
268.000,0.000,117990.741,406.565,0.000,0.000,-0.036,0.000,0.973,0.000,0.000,-0.000,-27.603
269.000,0.000,118029.442,406.601,0.000,0.000,-0.037,0.000,0.971,0.000,0.000,-0.000,-27.798
270.000,0.000,118069.639,406.637,0.000,0.000,-0.037,0.000,0.970,0.000,0.000,-0.000,-27.986
271.000,0.000,118110.445,406.674,0.000,0.000,-0.037,0.000,0.967,0.000,0.000,-0.000,-28.165
272.000,0.000,118151.192,406.712,0.000,0.000,-0.037,0.000,0.965,0.000,0.000,-0.000,-28.335
273.000,0.000,118191.364,406.748,0.000,0.000,-0.038,0.000,0.962,0.000,0.000,-0.000,-28.497
274.000,0.000,118230.560,406.783,0.000,0.000,-0.038,0.000,0.959,0.000,0.000,-0.000,-28.649
275.000,0.000,118268.462,406.817,0.000,0.000,-0.038,0.000,0.955,0.000,0.000,-0.000,-28.791
276.000,0.000,118304.806,406.850,0.000,0.000,-0.038,0.000,0.950,0.000,0.000,-0.000,-28.924
277.000,0.000,118339.376,406.880,0.000,0.000,-0.039,0.000,0.946,0.000,0.000,-0.000,-29.046
278.000,0.000,118371.984,406.909,0.000,0.000,-0.039,0.000,0.941,0.000,0.000,-0.000,-29.158
279.000,0.000,118402.467,406.935,0.000,0.000,-0.039,0.000,0.936,0.000,0.000,-0.000,-29.259
280.000,0.000,118430.677,406.960,0.000,0.000,-0.039,0.000,0.930,0.000,0.000,-0.000,-29.349
281.000,0.000,118456.482,406.981,0.000,0.000,-0.039,0.000,0.925,0.000,0.000,-0.000,-29.428
282.000,0.000,118479.760,407.001,0.000,0.000,-0.039,0.000,0.918,0.000,0.000,-0.000,-29.495
283.000,0.000,118500.399,407.017,0.000,0.000,-0.039,0.000,0.911,0.000,0.000,-0.000,-29.551
284.000,0.000,118519.096,407.032,0.000,0.000,-0.039,0.000,0.904,0.000,0.000,-0.000,-29.595
285.000,0.000,118549.175,407.057,0.000,0.000,-0.039,0.000,0.897,0.000,0.000,-0.000,-29.631
286.000,0.000,118593.258,407.096,0.000,0.000,-0.039,0.000,0.889,0.000,0.000,-0.000,-29.658
287.000,0.000,118646.854,407.145,0.000,0.000,-0.039,0.000,0.881,0.000,0.000,-0.000,-29.676
288.000,0.000,118706.522,407.199,0.000,0.000,-0.039,0.000,0.873,0.000,0.000,-0.000,-29.684
289.000,0.000,118771.540,407.258,0.000,0.000,-0.039,0.000,0.864,0.000,0.000,-0.000,-29.682
290.000,0.000,118841.797,407.322,0.000,0.000,-0.039,0.000,0.855,0.000,0.000,-0.000,-29.668
291.000,0.000,118915.388,407.389,0.000,0.000,-0.039,0.000,0.846,0.000,0.000,-0.000,-29.643
292.000,0.000,118991.169,407.458,0.000,0.000,-0.039,0.000,0.836,0.000,0.000,-0.000,-29.607
293.000,0.000,119070.407,407.530,0.000,0.000,-0.039,0.000,0.826,0.000,0.000,-0.000,-29.558
294.000,0.000,119152.586,407.605,0.000,0.000,-0.039,0.000,0.816,0.000,0.000,-0.000,-29.498
295.000,0.000,119236.545,407.682,0.000,0.000,-0.039,0.000,0.806,0.000,0.000,-0.000,-29.426
296.000,0.000,119322.455,407.761,0.000,0.000,-0.038,0.000,0.795,0.000,0.000,-0.000,-29.341
297.000,0.000,119412.057,407.842,0.000,0.000,-0.038,0.000,0.784,0.000,0.000,-0.000,-29.244
298.000,0.000,119504.216,407.927,0.000,0.000,-0.038,0.000,0.773,0.000,0.000,-0.000,-29.135
299.000,0.000,119598.022,408.012,0.000,0.000,-0.038,0.000,0.762,0.000,0.000,-0.000,-29.013
300.000,0.000,119694.055,408.100,0.000,0.000,-0.038,0.000,0.751,0.000,0.000,-0.000,-28.879
301.000,0.000,119792.293,408.189,0.000,0.000,-0.038,0.000,0.739,0.000,0.000,-0.000,-28.732
302.000,0.000,119891.956,408.280,0.000,0.000,-0.037,0.000,0.727,0.000,0.000,-0.000,-28.572
303.000,0.000,119992.935,408.372,0.000,0.000,-0.037,0.000,0.715,0.000,0.000,-0.000,-28.399
304.000,0.000,120098.409,408.468,0.000,0.000,-0.037,0.000,0.703,0.000,0.000,-0.000,-28.214
305.000,0.000,120207.901,408.568,0.000,0.000,-0.037,0.000,0.690,0.000,0.000,-0.000,-28.016
306.000,0.000,120320.296,408.670,0.000,0.000,-0.036,0.000,0.678,0.000,0.000,-0.000,-27.806
307.000,0.000,120435.871,408.775,0.000,0.000,-0.036,0.000,0.665,0.000,0.000,-0.000,-27.583
308.000,0.000,120555.674,408.884,0.000,0.000,-0.036,0.000,0.652,0.000,0.000,-0.000,-27.348
309.000,0.000,120678.802,408.996,0.000,0.000,-0.035,0.000,0.639,0.000,0.000,-0.000,-27.100
310.000,0.000,120804.652,409.110,0.000,0.000,-0.035,0.000,0.625,0.000,0.000,-0.000,-26.840
311.000,0.000,120934.528,409.228,0.000,0.000,-0.035,0.000,0.612,0.000,0.000,-0.000,-26.567
312.000,0.000,121068.559,409.350,0.000,0.000,-0.034,0.000,0.598,0.000,0.000,-0.000,-26.281
313.000,0.000,121206.045,409.475,0.000,0.000,-0.034,0.000,0.585,0.000,0.000,-0.000,-25.984
314.000,0.000,121346.998,409.603,0.000,0.000,-0.033,0.000,0.571,0.000,0.000,-0.000,-25.673
315.000,0.000,121492.814,409.735,0.000,0.000,-0.033,0.000,0.557,0.000,0.000,-0.000,-25.351
316.000,0.000,121643.051,409.871,0.000,0.000,-0.032,0.000,0.544,0.000,0.000,-0.000,-25.017
317.000,0.000,121797.311,410.011,0.000,0.000,-0.032,0.000,0.530,0.000,0.000,-0.000,-24.670
318.000,0.000,121955.729,410.155,0.000,0.000,-0.031,0.000,0.516,0.000,0.000,-0.000,-24.311
319.000,0.000,122118.452,410.302,0.000,0.000,-0.031,0.000,0.502,0.000,0.000,-0.000,-23.941
320.000,0.000,122285.413,410.453,0.000,0.000,-0.030,0.000,0.488,0.000,0.000,-0.000,-23.558
321.000,0.000,122456.663,410.608,0.000,0.000,-0.030,0.000,0.474,0.000,0.000,-0.000,-23.163
322.000,0.000,122632.351,410.767,0.000,0.000,-0.029,0.000,0.460,0.000,0.000,-0.000,-22.757
323.000,0.000,122812.710,410.930,0.000,0.000,-0.029,0.000,0.446,0.000,0.000,-0.000,-22.339
324.000,0.000,122998.053,411.097,0.000,0.000,-0.028,0.000,0.433,0.000,0.000,-0.000,-21.910
325.000,0.000,123188.139,411.268,0.000,0.000,-0.028,0.000,0.419,0.000,0.000,-0.000,-21.469
326.000,0.000,123382.453,411.444,0.000,0.000,-0.027,0.000,0.405,0.000,0.000,-0.000,-21.017
327.000,0.000,123581.742,411.623,0.000,0.000,-0.026,0.000,0.391,0.000,0.000,-0.000,-20.554
328.000,0.000,123786.690,411.808,0.000,0.000,-0.026,0.000,0.378,0.000,0.000,-0.000,-20.080
329.000,0.000,123994.580,411.995,0.000,0.000,-0.025,0.000,0.364,0.000,0.000,-0.000,-19.595
330.000,0.000,124205.265,412.184,0.000,0.000,-0.025,0.000,0.351,0.000,0.000,-0.000,-19.099
331.000,0.000,124420.334,412.377,0.000,0.000,-0.024,0.000,0.337,0.000,0.000,-0.000,-18.592
332.000,0.000,124639.628,412.573,0.000,0.000,-0.023,0.000,0.324,0.000,0.000,-0.000,-18.075
333.000,0.000,124858.643,412.769,0.000,0.000,-0.023,0.000,0.311,0.000,0.000,-0.000,-17.546
334.000,0.000,125079.180,412.967,0.000,0.000,-0.022,0.000,0.298,0.000,0.000,-0.000,-17.007
335.000,0.000,125303.413,413.167,0.000,0.000,-0.021,0.000,0.285,0.000,0.000,-0.000,-16.458
336.000,0.000,125552.326,413.364,0.000,0.000,-0.020,0.001,0.273,0.000,0.000,-0.000,-15.902
337.000,0.000,125842.621,413.545,0.000,0.000,-0.020,0.001,0.261,0.000,0.000,-0.000,-15.340
338.000,0.000,126171.838,413.702,0.000,0.001,-0.019,0.002,0.248,0.000,0.000,-0.000,-14.773
339.000,0.000,126547.548,413.828,0.000,0.001,-0.018,0.003,0.236,0.000,0.000,-0.000,-14.200
340.000,0.000,127040.072,413.895,0.000,0.002,-0.018,0.005,0.225,0.000,0.000,-0.000,-13.629
341.000,0.000,127658.903,413.877,0.000,0.002,-0.017,0.007,0.213,0.000,0.000,-0.000,-13.059
342.000,0.000,128401.185,413.757,0.000,0.003,-0.017,0.009,0.201,0.000,0.000,-0.000,-12.489
343.000,0.000,129306.922,413.511,0.000,0.004,-0.017,0.012,0.190,0.000,0.000,-0.000,-11.919
344.000,0.000,130447.817,413.101,0.000,0.005,-0.016,0.015,0.180,0.000,0.000,-0.000,-11.355
345.000,0.000,131831.555,412.513,0.000,0.006,-0.016,0.018,0.169,0.000,0.000,-0.000,-10.793
346.000,0.000,133473.907,411.741,0.000,0.008,-0.016,0.022,0.158,0.000,0.000,-0.000,-10.232
347.000,0.000,135468.428,410.767,0.000,0.009,-0.015,0.026,0.148,0.000,0.000,-0.000,-9.673
348.000,0.000,137870.592,409.587,0.000,0.011,-0.015,0.031,0.139,0.000,0.000,-0.000,-9.115
349.000,0.000,140707.615,408.227,0.000,0.012,-0.015,0.035,0.129,0.000,0.000,-0.000,-8.554
350.000,0.000,144032.490,406.716,0.000,0.014,-0.015,0.040,0.120,0.000,0.000,-0.000,-7.985
351.000,0.000,147950.806,405.062,0.000,0.016,-0.015,0.046,0.111,0.000,0.000,-0.000,-7.406
352.000,0.000,152493.479,403.313,0.000,0.018,-0.014,0.052,0.102,0.000,0.000,-0.000,-6.809
353.000,0.000,157674.221,401.526,0.000,0.019,-0.014,0.058,0.093,0.000,0.000,-0.000,-6.184
354.000,0.000,163522.498,399.722,0.000,0.021,-0.014,0.064,0.086,0.000,0.000,-0.000,-5.522
355.000,0.000,170024.505,397.918,0.000,0.023,-0.013,0.071,0.078,0.000,0.000,-0.000,-4.813
356.000,0.000,177085.659,396.148,0.000,0.024,-0.013,0.078,0.070,0.000,0.000,-0.000,-4.042
357.000,0.000,184561.295,394.431,0.000,0.025,-0.012,0.085,0.063,0.000,0.000,-0.000,-3.200
358.000,0.000,192244.936,392.717,0.000,0.026,-0.012,0.093,0.057,0.000,0.000,-0.000,-2.275
359.000,0.000,199853.821,390.988,0.000,0.026,-0.011,0.101,0.051,0.000,0.000,-0.000,-1.265
360.000,0.000,207067.391,389.228,0.000,0.026,-0.010,0.109,0.044,0.000,0.000,-0.000,-0.170
